,name,desc,class,link
0,Printed Cotton Regular Fit Men's Shirts,"A perfect match for your shorts or denim, this casual shirt with full sleeves and a collared neckline from Infuse works wonders on a beach event or hanging out with friends. Stitched from the softest cotton, its bold abstract prints all over are sure to update your signature wardrobe.", Woven  Shirts  India  Cotton  Full   Regular  Printed  Single  Casual Wear  Regular Neckline Collared,https://www.shoppersstop.com/infuse-printed-cotton-regular-fit-men-s-shirts/p-A22INMST2228/colorChange/A22INMST2228_BLUE?currentPosition=1&searchQueryUrl=https%3A%2F%2Fwww.shoppersstop.com%2Fmen-clothing%2Fc-A1010%3Fpage%3D6&totalResultVal=24600&searchPageType=category
1,Checks Cotton Slim Fit Men's Casual Shirt,., India Collection Shirt Stretch Non Stretchable  100% Cotton Collar Regular Collar Category Shirt  Full   Regular  Checks  Pack of 1  Casual Wear  NA,https://www.shoppersstop.com/life-checks-cotton-slim-fit-men-s-casual-shirt/p-S21183FSCHC4IB/colorChange/S21183FSCHC4IB_INK_BLUE?currentPosition=2&searchQueryUrl=https%3A%2F%2Fwww.shoppersstop.com%2Fmen-clothing%2Fc-A1010%3Fpage%3D6&totalResultVal=24600&searchPageType=category
2,Structured Cotton Blend Regular Fit Men's Shirt,., India  Cotton Blend Collar Regular Collar  Half   Regular   Pack of 1,https://www.shoppersstop.com/fratini-structured-cotton-blend-regular-fit-men-s-shirt/p-S21831KNITS27FO/colorChange/S21831KNITS27FO_FOREST?currentPosition=3&searchQueryUrl=https%3A%2F%2Fwww.shoppersstop.com%2Fmen-clothing%2Fc-A1010%3Fpage%3D6&totalResultVal=24600&searchPageType=category
3,Printed Rayon Comfort Fit Men's Casual Shirt,., India  100% Rayon  Half   Pack of 1,https://www.shoppersstop.com/infuse-printed-rayon-comfort-fit-men-s-casual-shirt/p-A21INFUSE05/colorChange/A21INFUSE05_RED?currentPosition=4&searchQueryUrl=https%3A%2F%2Fwww.shoppersstop.com%2Fmen-clothing%2Fc-A1010%3Fpage%3D6&totalResultVal=24600&searchPageType=category
4,Printed Georgette Mens Festive Wear Kurta,"White, printed, georgette kurta by Bandeya. This kurta is full-sleeved, has a mandarin collar, button-down detail at the front and a print all over the fabric. The kurta is sure to get you some compliments!", Kurtas Neckline Round Neck  Woven  India  Single  Knee   Full   Georgette  Festive Wear  Printed  Slim,https://www.shoppersstop.com/bandeya-printed-georgette-mens-festive-wear-kurta/p-S23LKCHNSEQWH73/colorChange/S23LKCHNSEQWH73_WHITE?currentPosition=5&searchQueryUrl=https%3A%2F%2Fwww.shoppersstop.com%2Fmen-clothing%2Fc-A1010%3Fpage%3D6&totalResultVal=24600&searchPageType=category
5,Printed Cotton Regular Fit Men's T-Shirt,Printed Striper Polo For Perfect Style And Looks In Premium Combed Cotton Jersey  Is Soft & Comfortable For All Day Wear Due To Its Good Absorbency & Breathability., India  Half   Regular Neckline Polo  Printed  Cotton  Pack of 1  Casual Wear Collar Regular Collar,https://www.shoppersstop.com/life-printed-cotton-regular-fit-men-s-t-shirt/p-S21183PAOP514G/colorChange/S21183PAOP514G_GREEN?currentPosition=6&searchQueryUrl=https%3A%2F%2Fwww.shoppersstop.com%2Fmen-clothing%2Fc-A1010%3Fpage%3D6&totalResultVal=24600&searchPageType=category
6,Printed Cotton Regular Fit Men's Shirts,"This casual full-sleeved shirt for men with a regular fit and collared neckline from Infuse exceeds your expectation every time you step out for a social outing. Its pure cotton fabric ensures total comfort, while the bright prints showcase chic vibes for easy put-together looks. The sleeves can be rolled up to look more stylish.", Woven  Shirts  India  Cotton  Full   Regular  Printed  Single  Casual Wear  Regular Neckline Collared,https://www.shoppersstop.com/infuse-printed-cotton-regular-fit-men-s-shirts/p-A22INMST2231/colorChange/A22INMST2231_BROWN?currentPosition=7&searchQueryUrl=https%3A%2F%2Fwww.shoppersstop.com%2Fmen-clothing%2Fc-A1010%3Fpage%3D6&totalResultVal=24600&searchPageType=category
7,Printed Cotton Blend Mens Semi-Casual Kurta,"Smart, stylish, and ethnic are three words that best describe the Bandeya Printed Cotton Blend Men's Semi-Casual Kurta. Sporting an eye-catching printed design, this kurta for men is hued in a lovely pink shade. Made from a cotton blend in a regular fit, this kurta for men ensures all-day comfort. Pair it with contrast-coloured pants and your favourite shoes to complete your look.", India Category Kurta  Cotton Blend  Casual Wear  Printed  Regular,https://www.shoppersstop.com/bandeya-printed-cotton-blend-men-s-semi-casual-kurta/p-S21MEKUFSHRPRPK/colorChange/S21MEKUFSHRPRPK_PINK?currentPosition=8&searchQueryUrl=https%3A%2F%2Fwww.shoppersstop.com%2Fmen-clothing%2Fc-A1010%3Fpage%3D6&totalResultVal=24600&searchPageType=category
8,Stripes Polyester Viscose Slim Men's Trousers,., Trousers  India  Polyester Viscose  Stripes Waist Rise Mid Rise  Slim Closure Type Zip  Full   Single  Semi Formal  Mens Volume 430 Ml,https://www.shoppersstop.com/louis-philippe-stripes-polyester-viscose-slim-men-s-trousers/p-S22TFMSLPV17345/colorChange/S22TFMSLPV17345_BLACK?currentPosition=9&searchQueryUrl=https%3A%2F%2Fwww.shoppersstop.com%2Fmen-clothing%2Fc-A1010%3Fpage%3D6&totalResultVal=24600&searchPageType=category
9,Solid Cotton Regular Fit Men's T-Shirt,"Complete your wardrobe with this basic t-shirt in a refreshing green tone. It is also available in a bright orange, a subtle peach, a soft pink, a cool turquoise, and a trendy yellow hue. You can wear it with a pair of jeans or underneath a jacket or shirt.", India  Half   Regular Neckline Round Neck  Solid  Cotton  Pack of 1  Casual Wear Collar Regular Collar  T-Shirts  Knit,https://www.shoppersstop.com/stop-solid-cotton-regular-fit-men-s-t-shirt/p-S22STSOLIDTEE/colorChange/S22STSOLIDTEE_DULL_ROSE?currentPosition=10&searchQueryUrl=https%3A%2F%2Fwww.shoppersstop.com%2Fmen-clothing%2Fc-A1010%3Fpage%3D6&totalResultVal=24600&searchPageType=category
10,Solid Cotton Blend Regular Fit Men's Work Wear Shirt,RIAG - BY RISHABH AGARWAL are the Mens Wear Manufacturer brand Based In Gurgaon. From Casual and formal shirts to kurta and kurta sets and nehru jackets you can get it all under one brand. Feel The Richness Of  and Comfort.. Feel Free to Connect With Us on 9910015110, Shirts  Knit  India  Cotton Blend Collar Spread Collar  Full   Regular  Solid  Single  Work Wear,https://www.shoppersstop.com/riag-solid-cotton-blend-regular-fit-men-s-work-wear-shirt/p-S23RIFSHWHITE/colorChange/S23RIFSHWHITE_WHITE?currentPosition=11&searchQueryUrl=https%3A%2F%2Fwww.shoppersstop.com%2Fmen-clothing%2Fc-A1010%3Fpage%3D6&totalResultVal=24600&searchPageType=category
11,Checks Polyester Viscose Slim Fit Men's Trousers,., Trousers  India  Polyester Viscose  Checks Waist Rise Mid Rise  Slim Closure Type Front Zip  Regular  Single  Work Wear,https://www.shoppersstop.com/louis-philippe-checks-polyester-viscose-slim-fit-men-s-trousers/p-S22TFMSSHS23342/colorChange/S22TFMSSHS23342_NAVY?currentPosition=12&searchQueryUrl=https%3A%2F%2Fwww.shoppersstop.com%2Fmen-clothing%2Fc-A1010%3Fpage%3D6&totalResultVal=24600&searchPageType=category
12,Solid Cotton Men's Briefs,., India  Knit  Essential  Brief  Pack of 2  Cotton  Solid,https://www.shoppersstop.com/jockey-solid-cotton-men-s-briefs/p-205011645/colorChange/205011645_ASSORTED?currentPosition=13&searchQueryUrl=https%3A%2F%2Fwww.shoppersstop.com%2Fmen-clothing%2Fc-A1010%3Fpage%3D6&totalResultVal=24600&searchPageType=category
13,Solid Cotton Slim Fit Men's T-Shirt,., Bangladesh  T-Shirts  Knit  Half   Slim Neckline Polo  Solid  Cotton  Single  Casual Wear,https://www.shoppersstop.com/calvin-klein-solid-cotton-slim-fit-men-s-t-shirt/p-SS23J322588DARB/colorChange/SS23J322588DARB_BLUE?currentPosition=14&searchQueryUrl=https%3A%2F%2Fwww.shoppersstop.com%2Fmen-clothing%2Fc-A1010%3Fpage%3D6&totalResultVal=24600&searchPageType=category
14,Solid Linen Slim Fit Men's Casual Shirt,"The Fratini Solid Linen Slim  Men's Casual Shirt is the perfect summer shirt to wear with chinos or a pair of shorts. For a sophisticated-casual style, you may wear this navy-hued shirt on its own or beneath a fitted jacket. Dress casually with a pair of loafers you love.", Shirts  India  Linen Collar Regular Collar  Full   Slim  Solid  Single  Casual Wear  Regular  Mens,https://www.shoppersstop.com/fratini-solid-linen-slim-fit-men-s-casual-shirt/p-S22FSSHLRKS7CO/colorChange/S22FSSHLRKS7CO_CORAL?currentPosition=15&searchQueryUrl=https%3A%2F%2Fwww.shoppersstop.com%2Fmen-clothing%2Fc-A1010%3Fpage%3D6&totalResultVal=24600&searchPageType=category
15,Printed Viscose  Slim Fit Mens Shirt,"Blue, viscose blend, slim-fit shirt by Life. This printed shirt is a must-have on those vacation days. It flows and fits to the contours of your body due to the fabric.", Woven  Shirts  India  Viscose Collar Regular Collar  Half   Slim  Printed  Single  Casual Wear Neckline Collared,https://www.shoppersstop.com/life-printed-viscose-slim-fit-mens-shirt/p-S23VISPRNT165BL/colorChange/S23VISPRNT165BL_BLUE?currentPosition=16&searchQueryUrl=https%3A%2F%2Fwww.shoppersstop.com%2Fmen-clothing%2Fc-A1010%3Fpage%3D6&totalResultVal=24600&searchPageType=category
16,Solid Cotton Regular Fit Mens Casual Shirt,AS CASUAL SHIRT SOLID FS, Shirts  India  Cotton Collar Regular Collar  Full   Regular  Solid  Single  Work Wear Neckline Regular,https://www.shoppersstop.com/allen-solly-solid-cotton-regular-fit-mens-casual-shirt/p-A22SFQSPPB11818/colorChange/A22SFQSPPB11818_WHITE?currentPosition=17&searchQueryUrl=https%3A%2F%2Fwww.shoppersstop.com%2Fmen-clothing%2Fc-A1010%3Fpage%3D6&totalResultVal=24600&searchPageType=category
17,Printed Crepe Slim Fit Men's Casual Shirt,., Shirts  India  Crepe Collar Spread Collar  Full   Slim  Printed  Single  Casual Wear  Neckline Collared,https://www.shoppersstop.com/tistabene-printed-crepe-slim-fit-men-s-casual-shirt/p-A22MSH0040/colorChange/A22MSH0040_RED?currentPosition=18&searchQueryUrl=https%3A%2F%2Fwww.shoppersstop.com%2Fmen-clothing%2Fc-A1010%3Fpage%3D6&totalResultVal=24600&searchPageType=category
18,Graphic Cotton Regular Fit Men's T-Shirt,"This vibrant Infuse Graphic Cotton Regular  Men's t-shirt suits a wide range of aesthetics; you can style it with a baggy cargo and converse or keep it simple with denim shorts, depending on your mood.", India  Sleeveless  Regular  Graphic  Cotton  Single  Regular  Casual Wear  T-Shirts  Knit,https://www.shoppersstop.com/infuse-graphic-cotton-regular-fit-men-s-t-shirt/p-A22INFMT1143/colorChange/A22INFMT1143_WINE?currentPosition=19&searchQueryUrl=https%3A%2F%2Fwww.shoppersstop.com%2Fmen-clothing%2Fc-A1010%3Fpage%3D6&totalResultVal=24600&searchPageType=category
19,Solid Cotton Slim Fit Men's Casual Shirt,., Shirts  India  Cotton Collar Regular Collar  Full   Slim  Solid  Single  Casual Wear  Mens Neckline Round Neck,https://www.shoppersstop.com/louis-philippe-jeans-solid-cotton-slim-fit-men-s-casual-shirt/p-A22SFCSSPT97087/colorChange/A22SFCSSPT97087_OLIVE?currentPosition=20&searchQueryUrl=https%3A%2F%2Fwww.shoppersstop.com%2Fmen-clothing%2Fc-A1010%3Fpage%3D6&totalResultVal=24600&searchPageType=category
20,Cotton Blend Mens Shorts,., India Category Shorts  Knee length  Pack of 1  Cotton Blend  Solid  Regular Waist Rise Mid Rise  Casual Wear,https://www.shoppersstop.com/fratini-cotton-blend-mens-shorts/p-S21831KNTST11OM/colorChange/S21831KNTST11OM_OATMEAL_MELANGE?currentPosition=21&searchQueryUrl=https%3A%2F%2Fwww.shoppersstop.com%2Fmen-clothing%2Fc-A1010%3Fpage%3D6&totalResultVal=24600&searchPageType=category
21,Striped Cotton Regular Fit Men's T-Shirt,"Flaunt your unique sense of style as you opt for this stylish Striped Cotton Regular  Men's T-Shirt. If you are looking to buy dark coral men’s t-shirt online, pick this striped pattern t-shirt that features a polo neck and half sleeves. Crafted from breathable cotton material, this men’s t-shirt features a comfy regular fit. Match this men’s t-shirt with a pair of shorts and classy sneakers.", India Collar NA  Half   Regular Neckline Polo  Stripes  Cotton  Pack of 1  Casual Wear,https://www.shoppersstop.com/fratini-striped-cotton-regular-fit-men-s-t-shirt/p-S21831RGYPO16CO/colorChange/S21831RGYPO16CO_DARK_CORAL?currentPosition=22&searchQueryUrl=https%3A%2F%2Fwww.shoppersstop.com%2Fmen-clothing%2Fc-A1010%3Fpage%3D6&totalResultVal=24600&searchPageType=category
22,Stripes Cotton  Slim Fit Mens Shirt,., Woven  Shirts  India  Cotton Collar Button Down Collar  Full   Slim  Stripes  Single  Casual Wear Neckline Collared,https://www.shoppersstop.com/fratini-stripes-cotton-slim-fit-mens-shirt/p-S23FOXFSTP183BL/colorChange/S23FOXFSTP183BL_BLUE?currentPosition=23&searchQueryUrl=https%3A%2F%2Fwww.shoppersstop.com%2Fmen-clothing%2Fc-A1010%3Fpage%3D6&totalResultVal=24600&searchPageType=category
23,Printed Cotton Regular Fit Men's T-Shirt,"Upgrade your everyday style with this stylish Printed Cotton Regular  Men's T-Shirt. This indigo men’s t-shirt features a printed pattern, a crew neck and short sleeves that add to its appeal. The cotton material and regular fit of this men's t-shirt promises ease of wear all through the day. Pair this men's t-shirt with blue jeans, a denim jacket and black sneakers.", India  Regular Neckline Crew  Printed  Cotton  Pack of 1  Mid Calf  Casual Wear Collar NA ,https://www.shoppersstop.com/life-printed-cotton-regular-fit-men-s-t-shirt/p-S21509IRNMW/colorChange/S21509IRNMW_INDIGO?currentPosition=24&searchQueryUrl=https%3A%2F%2Fwww.shoppersstop.com%2Fmen-clothing%2Fc-A1010%3Fpage%3D6&totalResultVal=24600&searchPageType=category
24,Solid Cotton Regular Fit Men's Joggers,"This athletic fit jogger from Infuse is a must-have if you are a fitness enthusiast. With a perfect fit with breathable comfort, the pair is equipped with two zipper pockets to keep your essentials. It has drawstrings to adjust to your shape.", Joggers  Casual Wear  Single  Solid  Regular  Full   Knit  India  Cotton Waist Rise Mid Rise,https://www.shoppersstop.com/infuse-solid-cotton-regular-fit-men-s-joggers/p-SS22INFJO04/colorChange/SS22INFJO04_INK_BLUE?currentPosition=25&searchQueryUrl=https%3A%2F%2Fwww.shoppersstop.com%2Fmen-clothing%2Fc-A1010%3Fpage%3D6&totalResultVal=24600&searchPageType=category
25,Stripes Cotton Slim Fit Men's T-Shirt,., India Category T-Shirt  Full   Slim  Neckline Henley  Stripes  Cotton  Single  Casual Wear  Mens,https://www.shoppersstop.com/rigo-stripes-cotton-slim-fit-men-s-t-shirt/p-A21HT02201115/colorChange/A21HT02201115_BLUE?currentPosition=1&searchQueryUrl=https%3A%2F%2Fwww.shoppersstop.com%2Fmen-clothing%2Fc-A1010%3Fpage%3D7&totalResultVal=24600&searchPageType=category
26,Printed Cotton Regular Fit Men's Pullovers,"This Printed, Colour Block Full Sleeve Pullover From Life Features A Round Neck Collar, Two Kangaroo Pockets In The Front, And Text Print On The Chest. Pair This With Dark Blue Denim Jeans Or Black Pants For Maximum Appeal. Add A Pair Of Black Coloured Boots To This Ensemble And You Have A Classic And Statement Look. This Colour Block Pullover Is Great For Almost All Outdoor Occassions - Whether You'Re Heading To The Pub, The Garage, Movies Or A Coffee Shop.",Collar Cut Away Collar  India  100% Cotton  Printed  Pullover  Full  Neckline Round Neck  Regular  Casual Wear,https://www.shoppersstop.com/life-printed-cotton-regular-fit-men-s-pullovers/p-A21LCJPVFS112M/colorChange/A21LCJPVFS112M_MUSTARD?currentPosition=2&searchQueryUrl=https%3A%2F%2Fwww.shoppersstop.com%2Fmen-clothing%2Fc-A1010%3Fpage%3D7&totalResultVal=24600&searchPageType=category
27,Solid Cotton Regular Fit Mens T-Shirt,Solid Round Neck Raglan Half  T-Shirt Made With Premium Combed Cotton Jersey  With Soft Handfeel & Comfortable For All Day Wear Due To Its Good Absorbency & Breathability., India Category T-Shirt  Half   Regular Neckline Crew  Solid  Cotton  Pack of 1  Athleisure Collar Regular,https://www.shoppersstop.com/altlife-solid-cotton-regular-fit-men-s-t-shirt/p-S21183RAGTE321C/colorChange/S21183RAGTE321C_CORAL?currentPosition=3&searchQueryUrl=https%3A%2F%2Fwww.shoppersstop.com%2Fmen-clothing%2Fc-A1010%3Fpage%3D7&totalResultVal=24600&searchPageType=category
28,Solid Cotton Elastic and Drawstring Men's Shorts,Let these shorts from Infuse in solid cotton with elastic and drawstrings inject some personality into your stylish wardrobe. The shorts are made of premium material to give you a robust appearance while also being incredibly comfortable., Shorts  India  Regular  Single  Cotton  Solid Closure Type Elastic and Drawstring  Regular Waist Rise Mid Rise Wash Light Wash  Casual Wear,https://www.shoppersstop.com/infuse-solid-cotton-elastic-and-drawstring-men-s-shorts/p-INFMT010/colorChange/INFMT010_BLACK?currentPosition=4&searchQueryUrl=https%3A%2F%2Fwww.shoppersstop.com%2Fmen-clothing%2Fc-A1010%3Fpage%3D7&totalResultVal=24600&searchPageType=category
29,Printed Cotton Oversized Men's Crew Neck T-Shirt,"Made with cotton, you'll love the high-quality fit and feel of this t-shirt from Life. Catch a movie or go shopping in this printed piece team with everyday jeans and casual slip-on sneakers.", India  Half   Oversized Neckline Crew  Printed  100% Cotton  Single  Regular  Casual Wear  T-Shirts  Knit,https://www.shoppersstop.com/life-printed-cotton-oversized-men-s-crew-neck-t-shirt/p-AW22CHTEEYB04/colorChange/AW22CHTEEYB04_STONE-BLUE?currentPosition=5&searchQueryUrl=https%3A%2F%2Fwww.shoppersstop.com%2Fmen-clothing%2Fc-A1010%3Fpage%3D7&totalResultVal=24600&searchPageType=category
30,Solid Cotton Regular Fit Men's T-Shirt,"Designed by the team at Infuse, you're definitely in for a style treat with this cotton T-shirt. This off-white t-shirt is the perfect note to strike with a pair of skinny jeans when you go for a night out.", India  Half   Regular Neckline Polo  Solid  Cotton  Single  Full   Casual Wear  T-Shirts  Knit,https://www.shoppersstop.com/infuse-solid-cotton-regular-fit-men-s-t-shirt/p-SS22INFPOL02/colorChange/SS22INFPOL02_OLIVE?currentPosition=6&searchQueryUrl=https%3A%2F%2Fwww.shoppersstop.com%2Fmen-clothing%2Fc-A1010%3Fpage%3D7&totalResultVal=24600&searchPageType=category
31,Stripes Cotton Blend Regular Fit Mens T-Shirt,"Neptune green, cotton-blend, regular fit t-shirt by Stop. This t-shirt has a stiff collar, horixontal stripes, and button-down detailing at the neckline. It is the perfect smart casual piece in your wardrobe.", India  Half   Regular Neckline Polo  Stripes  Cotton Blend  Single  Casual Wear  T-Shirts  Knit,https://www.shoppersstop.com/stop-stripes-cotton-blend-regular-fit-mens-t-shirt/p-A22STSTR206ACTN/colorChange/A22STSTR206ACTN_NEPTUNE_GREEN?currentPosition=7&searchQueryUrl=https%3A%2F%2Fwww.shoppersstop.com%2Fmen-clothing%2Fc-A1010%3Fpage%3D7&totalResultVal=24600&searchPageType=category
32,Solid Cotton Blend Regular Fit Men's Casual Shirt,RIAG - BY RISHABH AGARWAL are the Mens Wear Manufacturer brand Based In Gurgaon. From Casual and formal shirts to kurta and kurta sets and nehru jackets you can get it all under one brand. Feel The Richness Of  and Comfort.. Feel Free to Connect With Us on 9910015110, Knit  Shirts  India  Cotton Blend Collar Mandarin Collar  Full   Regular  Solid  Single  Casual Wear Neckline Mandarin,https://www.shoppersstop.com/riag-solid-cotton-blend-regular-fit-men-s-casual-shirt/p-S23RNFSHBLACKPL/colorChange/S23RNFSHBLACKPL_BLACK?currentPosition=8&searchQueryUrl=https%3A%2F%2Fwww.shoppersstop.com%2Fmen-clothing%2Fc-A1010%3Fpage%3D7&totalResultVal=24600&searchPageType=category
33,Printed Cotton Regular Fit Men's T-Shirt,"Amp up your look in this classy polo half-sleeved t-shirt. Put on this elegant, breathable cotton shirt with chic micro prints and step out in style. Pair it with jeans and boots.", India  Half   Regular Neckline Polo  Printed  Cotton  Single  Casual Wear Collar Regular Collar  T-Shirts  Knit,https://www.shoppersstop.com/stop-printed-cotton-regular-fit-men-s-t-shirt/p-A22AOP02KTWN/colorChange/A22AOP02KTWN_WINE?currentPosition=9&searchQueryUrl=https%3A%2F%2Fwww.shoppersstop.com%2Fmen-clothing%2Fc-A1010%3Fpage%3D7&totalResultVal=24600&searchPageType=category
34,Solid Cotton Regular Fit Men's T-Shirt,., India  Half   Regular Neckline Polo  Solid  Cotton  Single  Casual Wear  T-Shirts,https://www.shoppersstop.com/allen-solly-solid-cotton-regular-fit-men-s-t-shirt/p-S23KPORGFA96575/colorChange/S23KPORGFA96575_GREY?currentPosition=10&searchQueryUrl=https%3A%2F%2Fwww.shoppersstop.com%2Fmen-clothing%2Fc-A1010%3Fpage%3D7&totalResultVal=24600&searchPageType=category
35,Solid Poly Cotton Mens Festive Wear Kurta,., India Category Indianwear  Poly Cotton  Festive Wear  Solid  Slim   Mens,https://www.shoppersstop.com/bandeya-solid-poly-cotton-men-s-festive-wear-kurta/p-A21SULFKURLK-02/colorChange/A21SULFKURLK-02_ROYAL_BLUE?currentPosition=11&searchQueryUrl=https%3A%2F%2Fwww.shoppersstop.com%2Fmen-clothing%2Fc-A1010%3Fpage%3D7&totalResultVal=24600&searchPageType=category
36,Solid Cotton Nylon Slim Fit Men's Trouser,"Made from Knit , The S.M.A.R.T Pants from Frantini gives ultimate 360 degree stretch, freedom of movement and all day comfort. They are very soft and light weight. Easy to maintain and wrinkle resistant. They have an elasticated waistband for comfort at the waist and are available in the trendiest of colours with a contemporary fit.", India  Cotton Nylon  Solid  Slim  Full   Single  Casual Wear Age  Mens,https://www.shoppersstop.com/fratini-solid-cotton-nylon-slim-fit-men-s-trouser/p-AW21FCNSX2RASB/colorChange/AW21FCNSX2RASB_SKY_BLUE?currentPosition=12&searchQueryUrl=https%3A%2F%2Fwww.shoppersstop.com%2Fmen-clothing%2Fc-A1010%3Fpage%3D7&totalResultVal=24600&searchPageType=category
37,Printed Poly Cotton Regular Fit Men's T-Shirt,Be playful with your style with a printed poly cotton regular fit men's t-shirt designed by Infuse. Grab a drink with your gang by teaming this t-shirt with a pair of black denim and a sturdy overshirt., India  Half   Regular  Printed  Poly Cotton  Single  Regular  Casual Wear  T-Shirts  Knit,https://www.shoppersstop.com/infuse-printed-poly-cotton-regular-fit-men-s-t-shirt/p-A22INMT1415/colorChange/A22INMT1415_ORANGE?currentPosition=13&searchQueryUrl=https%3A%2F%2Fwww.shoppersstop.com%2Fmen-clothing%2Fc-A1010%3Fpage%3D7&totalResultVal=24600&searchPageType=category
38,Stripes Cotton Slim Fit Men's Casual Shirt,., India  Cotton Collar Regular Collar Pockets Chest Pocket  Full   Slim  Stripes  Pack of 1  Casual Wear  Full  Age,https://www.shoppersstop.com/fratini-stripes-cotton-slim-fit-men-s-casual-shirt/p-SS21831FAGOX2SB/colorChange/SS21831FAGOX2SB_SKY_BLUE?currentPosition=14&searchQueryUrl=https%3A%2F%2Fwww.shoppersstop.com%2Fmen-clothing%2Fc-A1010%3Fpage%3D7&totalResultVal=24600&searchPageType=category
39,Regular Fit 513 Men's Jeans,Give a dash of trendy touch to your attire with this pair of jeans brought to you by Levis. It will provide a smooth touch against your skin as it has been tailored with good quality fabric. It also comes in a mild wash along with a perfect fit which accentuates its look., India Wash Mid Wash  Slim Closure Type Button  Regular Distress Clean  Solid,https://www.shoppersstop.com/levis-regular-fit-513-men-s-jeans/p-206105184/colorChange/206105184_BLUE_MELANGE?currentPosition=15&searchQueryUrl=https%3A%2F%2Fwww.shoppersstop.com%2Fmen-clothing%2Fc-A1010%3Fpage%3D7&totalResultVal=24600&searchPageType=category
40,Men's INHANCE HIGH IQ Regular Fit Solid Joggers,- Ultimate Comfort- Extreme Breathability- Utility Pockets- Piping on the Side Seam,Pockets Cross Pocket  Joggers  Casual Wear  Cotton Blend  Regular  Textured  Full   Pack of 1 Closure Type Elastic & Drawstring,https://www.shoppersstop.com/stop-men-s-inhance-high-iq-regular-fit-solid-joggers/p-FA0187EPPJOGM/colorChange/FA0187EPPJOGM_GREY?currentPosition=16&searchQueryUrl=https%3A%2F%2Fwww.shoppersstop.com%2Fmen-clothing%2Fc-A1010%3Fpage%3D7&totalResultVal=24600&searchPageType=category
41,Checks Cotton Regular Fit Men's Shirts,., Shirts Neckline Collared  Woven  India  Cotton Collar Regular Collar  Full   Regular  Checks  Single  Work Wear,https://www.shoppersstop.com/stop-checks-cotton-regular-fit-men-s-shirts/p-S23STCTNCHK40WH/colorChange/S23STCTNCHK40WH_WHITE?currentPosition=17&searchQueryUrl=https%3A%2F%2Fwww.shoppersstop.com%2Fmen-clothing%2Fc-A1010%3Fpage%3D7&totalResultVal=24600&searchPageType=category
42,Checks Cotton Lyocell Regular Fit Men's Casual Shirt,., Shirts  India  Cotton Lyocell Collar Regular Collar Pockets Chest Pocket  Full   Slim  Checks  Pack of 1  Casual Wear  Full ,https://www.shoppersstop.com/fratini-checks-cotton-lyocell-regular-fit-men-s-casual-shirt/p-SS2183FSRK12MR/colorChange/SS2183FSRK12MR_MAROON?currentPosition=18&searchQueryUrl=https%3A%2F%2Fwww.shoppersstop.com%2Fmen-clothing%2Fc-A1010%3Fpage%3D7&totalResultVal=24600&searchPageType=category
43,Solid Cotton Mens Vest,., India  Regular  Knit  Essential  Vest  Pack of 2  Cotton  Solid Collar NA,https://www.shoppersstop.com/jockey-solid-cotton-men-s-vest/p-3989450/colorChange/3989450_WHITE?currentPosition=19&searchQueryUrl=https%3A%2F%2Fwww.shoppersstop.com%2Fmen-clothing%2Fc-A1010%3Fpage%3D7&totalResultVal=24600&searchPageType=category
44,Solid Cotton Men's Shorts,"These shorts from the house of Stop provide comfort. A pair of cotton shorts designed to make a great addition to the wardrobe, pair this with favorite tees to look classy.",Closure Type Elastic and Drawstring  India  Knee   Regular  Woven  Casual Wear Waist Rise Mid Rise  Shorts  Single  Cotton  Solid,https://www.shoppersstop.com/stop-solid-cotton-men-s-shorts/p-A22SOBOSLBR2NA/colorChange/A22SOBOSLBR2NA_NAVY?currentPosition=20&searchQueryUrl=https%3A%2F%2Fwww.shoppersstop.com%2Fmen-clothing%2Fc-A1010%3Fpage%3D7&totalResultVal=24600&searchPageType=category
45,Solid Cotton Blend Regular Fit Men's Casual Shirt,RIAG - BY RISHABH AGARWAL are the Mens Wear Manufacturer brand Based In Gurgaon. From Casual and formal shirts to kurta and kurta sets and nehru jackets you can get it all under one brand. Feel The Richness Of  and Comfort.. Feel Free to Connect With Us on 9910015110, Knit  Shirts  India  Cotton Blend Collar Spread Collar  Half   Regular  Solid  Single  Casual Wear,https://www.shoppersstop.com/riag-solid-cotton-blend-regular-fit-men-s-casual-shirt/p-S23RICIHSHM1/colorChange/S23RICIHSHM1_WHITE?currentPosition=21&searchQueryUrl=https%3A%2F%2Fwww.shoppersstop.com%2Fmen-clothing%2Fc-A1010%3Fpage%3D7&totalResultVal=24600&searchPageType=category
46,Printed Cotton Blend Men's Trunks,., India  Long  Regular  Knit  Essential  Trunk  Pack of 1  Cotton Blend  Printed,https://www.shoppersstop.com/jockey-printed-cotton-blend-men-s-trunks/p-201561145/colorChange/201561145_ASSORTED?currentPosition=22&searchQueryUrl=https%3A%2F%2Fwww.shoppersstop.com%2Fmen-clothing%2Fc-A1010%3Fpage%3D7&totalResultVal=24600&searchPageType=category
47,Printed Cotton Regular Fit Men's Casual Shirt,., Shirts  India  Cotton Collar Spread Collar  Half   Regular  Printed  Single  Casual Wear  Neckline Collared,https://www.shoppersstop.com/tistabene-printed-cotton-regular-fit-men-s-casual-shirt/p-A22MSH1501/colorChange/A22MSH1501_GREY?currentPosition=23&searchQueryUrl=https%3A%2F%2Fwww.shoppersstop.com%2Fmen-clothing%2Fc-A1010%3Fpage%3D7&totalResultVal=24600&searchPageType=category
48,Mid Wash Cotton Blend Regular Fit Men's Jeans,., India Waist Rise Mid Rise  Regular  Cotton Blend Closure Type Button  Regular  Single  Casual Wear  Solid   Jeans,https://www.shoppersstop.com/tistabene-mid-wash-cotton-blend-regular-fit-men-s-jeans/p-MJS0001/colorChange/MJS0001_BLACK?currentPosition=24&searchQueryUrl=https%3A%2F%2Fwww.shoppersstop.com%2Fmen-clothing%2Fc-A1010%3Fpage%3D7&totalResultVal=24600&searchPageType=category
49,Solid Cotton Blend Regular Fit Men's Shirts,"If you want to buy men's shirts online, you can pick this stately and versatile Solid Cotton Blend Regular  Men's Shirts. This men’s shirt online features a solid pattern, a collared, and half sleeves. This men's shirt is crafted from a soft and breathable cotton blend material and features a snug regular fit. Complete your look with a pair of well-fitted trousers, a metallic watch, and lace-up shoes.", India  Cotton Blend Collar Regular Collar Pockets Chest Pocket  Half   Regular   Pack of 1  Casual Wear  Mens,https://www.shoppersstop.com/fratini-solid-cotton-blend-regular-fit-men-s-shirts/p-S21831KNITS27PI/colorChange/S21831KNITS27PI_DUSTY_PINK?currentPosition=25&searchQueryUrl=https%3A%2F%2Fwww.shoppersstop.com%2Fmen-clothing%2Fc-A1010%3Fpage%3D7&totalResultVal=24600&searchPageType=category
50,Structured Cotton Blend Regular Fit Men's T-Shirt,"Look cool, casual and confident in this uber-stylish Structured Cotton Blend Regular  Men's T-Shirt. This t-shirt for men features an attractive structured pattern and is tailored with a polo neck and half sleeves. This men’s t-shirt is made from cotton blend that is soft to touch and sports a comfy regular fit. Pair this men’s t-shirt with a well-fitted chinos and reflective sunglasses.", India Collar Regular  Half   Regular Neckline Polo  Structured  Cotton Blend  Pack of 1  Casual Wear,https://www.shoppersstop.com/fratini-structured-cotton-blend-regular-fit-men-s-t-shirt/p-S21831JAQPO18MU/colorChange/S21831JAQPO18MU_SPICY_MUSTARD?currentPosition=1&searchQueryUrl=https%3A%2F%2Fwww.shoppersstop.com%2Fmen-clothing%2Fc-A1010%3Fpage%3D8&totalResultVal=24600&searchPageType=category
51,Solid Cotton Stretch Slim Fit Men's Shirts,., Shirts  India  Cotton Stretch Collar Regular Collar  Half   Slim  Solid  Single  Casual Wear Neckline Collared,https://www.shoppersstop.com/wrogn-solid-cotton-stretch-slim-fit-men-s-shirts/p-WRSS23WQSH0199S/colorChange/WRSS23WQSH0199S_BLACK?currentPosition=2&searchQueryUrl=https%3A%2F%2Fwww.shoppersstop.com%2Fmen-clothing%2Fc-A1010%3Fpage%3D8&totalResultVal=24600&searchPageType=category
52,Solid Cotton Mens Shorts,"This pair of knee-length mid-rise men's shorts by Stop gives off a chic vibe that matches your reputation as a fashionista. Made from cotton fabric, its luxurious craftsmanship ensures optimum comfort. The elastic waistband and a regular fit and solid color provide a great way to achieve an effortless look.", Shorts  India  Knee   Single  Cotton  Solid  Regular Waist Rise Mid Rise  Casual Wear,https://www.shoppersstop.com/stop-solid-cotton-mens-shorts/p-A22TIPNGSHJPSG/colorChange/A22TIPNGSHJPSG_SEA_GREEN?currentPosition=3&searchQueryUrl=https%3A%2F%2Fwww.shoppersstop.com%2Fmen-clothing%2Fc-A1010%3Fpage%3D8&totalResultVal=24600&searchPageType=category
53,Solid Polyester Cotton Slim Fit Men's T-Shirt,., India  Half   Slim Neckline Polo  Solid  Polyester Cotton  Single  Casual Wear  T-Shirts  Knit,https://www.shoppersstop.com/louis-philippe-sports-solid-polyester-cotton-slim-fit-men-s-t-shirt/p-S23KPCSLPS81299/colorChange/S23KPCSLPS81299_NAVY?currentPosition=4&searchQueryUrl=https%3A%2F%2Fwww.shoppersstop.com%2Fmen-clothing%2Fc-A1010%3Fpage%3D8&totalResultVal=24600&searchPageType=category
54,Solid Cotton Blend Regular Fit Men's T-Shirt,Stand out from the crowd as you step out donning this trendy Solid Cotton Blend Regular  Men's T-Shirt. The attractive solid pattern lends a classic look while the henley neck and short sleeves ensure to keep you cool all through the day. The cotton blend fabric of this men’s t-shirt feels soft against the skin while the regular fit promises ease all through the wear. Team this men’s t-shirt with a pair of jeans and delightful sneakers to complete your look., India  Regular Neckline Henley  Solid  Cotton Blend  Pack of 1  NA  Casual Wear Collar NA  Design Floral,https://www.shoppersstop.com/life-solid-cotton-blend-regular-fit-men-s-t-shirt/p-FS1509MHENGM/colorChange/FS1509MHENGM_GREY_MELANGE?currentPosition=5&searchQueryUrl=https%3A%2F%2Fwww.shoppersstop.com%2Fmen-clothing%2Fc-A1010%3Fpage%3D8&totalResultVal=24600&searchPageType=category
55,Mid Wash Cotton Stretch Skinny Fit Men's Jeans,"These jeans from U.S. Polo Assn. are a reliable style to stock in your year-round wardrobe. Cut from a durable cotton-stretch fabric, they're washed to replicate the attractive look of frequent wear. They sit at the waist and are designed with five pocket", India Wash Mid Wash Waist Rise Mid Rise  Skinny  Cotton Stretch Closure Type Front Zip  Regular  Single  Casual Wear  Solid   Jeans,https://www.shoppersstop.com/u-s-polo-assn-denim-mid-wash-cotton-stretch-skinny-fit-men-s-jeans/p-A22UDJEN0428/colorChange/A22UDJEN0428_BLACK?currentPosition=6&searchQueryUrl=https%3A%2F%2Fwww.shoppersstop.com%2Fmen-clothing%2Fc-A1010%3Fpage%3D8&totalResultVal=24600&searchPageType=category
56,Solid Cotton Nylon Super Slim Fit Men's Work Wear Trousers,., Trousers  India  Cotton Nylon  Solid Waist Rise Mid Rise  Super Slim Closure Type Front Zip  Regular  Single  Work Wear  Mens,https://www.shoppersstop.com/van-heusen-solid-cotton-nylon-super-slim-fit-men-s-work-wear-trousers/p-A22TFVULB462685/colorChange/A22TFVULB462685_BLACK?currentPosition=7&searchQueryUrl=https%3A%2F%2Fwww.shoppersstop.com%2Fmen-clothing%2Fc-A1010%3Fpage%3D8&totalResultVal=24600&searchPageType=category
57,Printed Cotton Regular Fit Men's Shirts,"With quality at its core, the soft cotton fabric of this full-sleeved casual shirt with a collared neckline and regular length from Infuse cuts others in your casual wardrobe. At the same time, the geometric printed pattern adds a cool vibe to your weekend looks. Roll up the sleeves to amp up your stylish look.", Woven  Shirts  India  Cotton  Full   Regular  Printed  Single  Casual Wear  Regular Neckline Collared,https://www.shoppersstop.com/infuse-printed-cotton-regular-fit-men-s-shirts/p-A22INMST2234/colorChange/A22INMST2234_WHITE?currentPosition=8&searchQueryUrl=https%3A%2F%2Fwww.shoppersstop.com%2Fmen-clothing%2Fc-A1010%3Fpage%3D8&totalResultVal=24600&searchPageType=category
58,Mens Colour Block Socks,"Take home this pair of socks from Jockey and improve your accessory collection. Tailored with care using good quality fabric, it will ensure that your feet stay at ease all day long. Besides, it features a colour block pattern, along with a crew length, which renders it trendy.", Knit  Casual Wear  No Show  India Category Socks  Pack of 1  Blend  Colour Block,https://www.shoppersstop.com/jockey-mens-colour-block-socks/p-202233948/colorChange/202233948_ASSORTED?currentPosition=9&searchQueryUrl=https%3A%2F%2Fwww.shoppersstop.com%2Fmen-clothing%2Fc-A1010%3Fpage%3D8&totalResultVal=24600&searchPageType=category
59,Solid Cotton Nylon Slim Fit Men's Trouser,"Made from Knit , The S.M.A.R.T Pants from Frantini gives ultimate 360 degree stretch, freedom of movement and all day comfort. They are very soft and light weight. Easy to maintain and wrinkle resistant. They have an elasticated waistband for comfort at the waist and are available in the trendiest of colours with a contemporary fit.", India  Cotton Nylon  Solid  Slim  Full   Single  Casual Wear  Mens,https://www.shoppersstop.com/fratini-solid-cotton-nylon-slim-fit-men-s-trouser/p-AW21FCNSX3RABR/colorChange/AW21FCNSX3RABR_BROWN?currentPosition=10&searchQueryUrl=https%3A%2F%2Fwww.shoppersstop.com%2Fmen-clothing%2Fc-A1010%3Fpage%3D8&totalResultVal=24600&searchPageType=category
60,Checks Cotton Slim Fit Men's Casual Shirt,., India  Cotton Collar Regular Collar Pockets Chest Pocket  Full   Slim  Checks  Pack of 1  Casual Wear,https://www.shoppersstop.com/fratini-checks-cotton-slim-fit-men-s-casual-shirt/p-SS2183FSRK7LB/colorChange/SS2183FSRK7LB_LIGHT_BLUE?currentPosition=11&searchQueryUrl=https%3A%2F%2Fwww.shoppersstop.com%2Fmen-clothing%2Fc-A1010%3Fpage%3D8&totalResultVal=24600&searchPageType=category
61,Checks Cotton Blend Regular Fit Men's Work Wear Shirt,., Shirts Neckline Collar Neck  India  Cotton Blend Collar Regular  Full   Regular  Checks  Single  Work Wear,https://www.shoppersstop.com/allen-solly-checks-cotton-blend-regular-fit-men-s-work-wear-shirt/p-S23SFMMOPG46453/colorChange/S23SFMMOPG46453_BLACK?currentPosition=12&searchQueryUrl=https%3A%2F%2Fwww.shoppersstop.com%2Fmen-clothing%2Fc-A1010%3Fpage%3D8&totalResultVal=24600&searchPageType=category
62,Solid Dobby Regular Fit Mens Shorts,., India Category Shorts  Single  Dobby  Checks  Regular Stretch Non-Stretch  Sports,https://www.shoppersstop.com/altlife-solid-dobby-regular-fit-men-s-shorts/p-S21183EPPSH312T/colorChange/S21183EPPSH312T_TEAL?currentPosition=13&searchQueryUrl=https%3A%2F%2Fwww.shoppersstop.com%2Fmen-clothing%2Fc-A1010%3Fpage%3D8&totalResultVal=24600&searchPageType=category
63,Stripes Cotton Blend Regular Fit Men's T-Shirt,"Want to stand out wearing something that is basic yet trendy? Try this polo neck half sleeves t-shirt in a regular fit, printed with an attractive pattern of stripes. Feel comfortable wearing this soft cotton blend shirt during summers. Step out, teaming it with a pair of denim and sneakers.", India  Half   Regular  Stripes  Cotton Blend Collar Regular Collar  Mens,https://www.shoppersstop.com/stop-stripes-cotton-blend-regular-fit-men-s-t-shirt/p-S22STSTRPL118/colorChange/S22STSTRPL118_TURQUOISE?currentPosition=14&searchQueryUrl=https%3A%2F%2Fwww.shoppersstop.com%2Fmen-clothing%2Fc-A1010%3Fpage%3D8&totalResultVal=24600&searchPageType=category
64,Mid Wash Cotton Blend Crop Fit Men's Jeans,"Perfect for your off-duty looks, this crop-fit men's jeans with regular length and Midrise Waist Rise is a must-have in your wardrobe. Crafted with skill from a cotton blend, it offers comfort and shape. Its solid white color looks elegant with any dark-hued t-shirt to compliment your stylish personality.", India Wash Mid Wash Waist Rise Mid Rise  Crop  Cotton Blend Closure Type Button  Regular  Casual Wear  Solid Collar Mandarin  Jeans,https://www.shoppersstop.com/life-mid-wash-cotton-blend-crop-fit-men-s-jeans/p-DNPURE/colorChange/DNPURE_WHITE?currentPosition=15&searchQueryUrl=https%3A%2F%2Fwww.shoppersstop.com%2Fmen-clothing%2Fc-A1010%3Fpage%3D8&totalResultVal=24600&searchPageType=category
65,Cotton Blend Slim Fit Men's Festive Wear Kurta,Look elegant wearing this rich navy-toned slim-fit ethnic kurta with side buttons. The soft and breathable cotton blend keeps you comfortable while the band collar is flattering. Step into a traditional festive setting teaming it with a pair of churidar pants and traditional Indian footwear for the exclusive Indian look., India  Knee  Collar Banded Collar  Full  Category Indianwear  Cotton Blend  Festive Wear  Printed  Slim  Mens,https://www.shoppersstop.com/bandeya-cotton-blend-slim-fit-men-s-festive-wear-kurta/p-SS22LKCROSSPRNT/colorChange/SS22LKCROSSPRNT_NAVY?currentPosition=16&searchQueryUrl=https%3A%2F%2Fwww.shoppersstop.com%2Fmen-clothing%2Fc-A1010%3Fpage%3D8&totalResultVal=24600&searchPageType=category
66,Solid Linen Slim Fit Men's Casual Shirt,"This Linen Slim fit Men's casual full-sleeved shirt has a button closure. It breaks the dullness of traditional shirts. This casual shirt is very fashionable and perfectly shows the charm of men. This shirt is very suitable for daily leisure, work, party, travel vacations, parties, cocktail parties, outdoor activities, beaches and other occasions.", Shirts  India  Linen Collar Regular Collar  Full   Slim  Solid  Single  Casual Wear  Mens,https://www.shoppersstop.com/fratini-solid-linen-slim-fit-men-s-casual-shirt/p-S22FSSHLRKS5RU/colorChange/S22FSSHLRKS5RU_RUST?currentPosition=17&searchQueryUrl=https%3A%2F%2Fwww.shoppersstop.com%2Fmen-clothing%2Fc-A1010%3Fpage%3D8&totalResultVal=24600&searchPageType=category
67,Printed Cotton Regular Fit Men's T-Shirt,., India  Half   Regular Neckline Polo  Printed  Cotton  Pack of 1  Casual Wear Collar Regular Collar ,https://www.shoppersstop.com/fratini-printed-cotton-regular-fit-men-s-t-shirt/p-S21831PRPO22BR/colorChange/S21831PRPO22BR_BRICK_RED?currentPosition=18&searchQueryUrl=https%3A%2F%2Fwww.shoppersstop.com%2Fmen-clothing%2Fc-A1010%3Fpage%3D8&totalResultVal=24600&searchPageType=category
68,Printed Cotton Regular Fit Men's T-Shirt,., India  Half   Regular  Printed  100% Cotton  Pack of 1  Sports,https://www.shoppersstop.com/infuse-printed-cotton-regular-fit-men-s-t-shirt/p-A21SETTEE026/colorChange/A21SETTEE026_ECRU?currentPosition=19&searchQueryUrl=https%3A%2F%2Fwww.shoppersstop.com%2Fmen-clothing%2Fc-A1010%3Fpage%3D8&totalResultVal=24600&searchPageType=category
69,Solid Cotton Blend Men's Joggers,- Ultimate Comfort- Seamless Zipper Pocket,Pockets Cross Pocket  India  Joggers Category Joggers  Casual Wear  Cotton Blend  Regular  Solid  Full  Closure Type Elastic & Drawstring,https://www.shoppersstop.com/stop-solid-cotton-blend-men-s-joggers/p-FA0187EPPJOOG/colorChange/FA0187EPPJOOG_OLIVE_GRINDLE?currentPosition=20&searchQueryUrl=https%3A%2F%2Fwww.shoppersstop.com%2Fmen-clothing%2Fc-A1010%3Fpage%3D8&totalResultVal=24600&searchPageType=category
70,Dyed Viscose Relaxed Fit Mens Kurta,"Let�s dive into the mysterious world of grey, shall we? Sustainable fabrics blended with organic, premium dyes create an entrancing outcome. This beautiful grey kurta has so many dimensions. It is in a true sense, a luxury and a mark of premium. The charm of this piece of art lies in the beautiful pattern created by the hues it is layered with.White pants, a nice pair of footwear,and this kurta, when all paired together, create a delight of their own. Accessorize and elevate your mood with our premium range of eco-friendly kurtas. The dyes used are azo-free which means it is free from chemicals and is skin friendly.P.S. - The tie and dye is done by hand, hence each piece is unique in its own sense so the actual product might differ from the one shown in the picture.", Kurta Neckline Mandarin  Woven  India  Single Collar Mandarin Collar  Full   Viscose  Party Wear  Dyed  Relaxed ,https://www.shoppersstop.com/javinishka-dyed-viscose-relaxed-fit-mens-kurta/p-A22RDSK02/colorChange/A22RDSK02_YELLOW?currentPosition=21&searchQueryUrl=https%3A%2F%2Fwww.shoppersstop.com%2Fmen-clothing%2Fc-A1010%3Fpage%3D8&totalResultVal=24600&searchPageType=category
71,Solid Cotton Regular Fit Men's Casual Shirt,., India  Cotton Collar Regular Collar Pockets Chest Pocket  Full   Slim  Stripes  Pack of 1  Casual Wear  Women Finish NA,https://www.shoppersstop.com/fratini-solid-cotton-regular-fit-men-s-casual-shirt/p-SS21831FASO10NV/colorChange/SS21831FASO10NV_NAVY?currentPosition=22&searchQueryUrl=https%3A%2F%2Fwww.shoppersstop.com%2Fmen-clothing%2Fc-A1010%3Fpage%3D8&totalResultVal=24600&searchPageType=category
72,Colorblocked Cotton Regular Fit Men's T-Shirt,"Sport this color-blocked men's t-shirt brought to you by the house of Stop, which will jazz up your closet. With half sleeves, it features a polo neckline and is designed for a regular fit. Knit with cotton, this t-shirt is a perfect match for all seasons.", India  Half   Regular Neckline Polo  Colorblocked  Cotton  Single  Short  Casual Wear  T-Shirts  Knit,https://www.shoppersstop.com/stop-colorblocked-cotton-regular-fit-men-s-t-shirt/p-A22STCB06JPCRU/colorChange/A22STCB06JPCRU_RUST?currentPosition=23&searchQueryUrl=https%3A%2F%2Fwww.shoppersstop.com%2Fmen-clothing%2Fc-A1010%3Fpage%3D8&totalResultVal=24600&searchPageType=category
73,Cotton Elastane Relaxed Fit Men's Jeans,"This pair of relaxed-fit men’s jeans are a wardrobe staple that you must include in your collection. Tailored with a soft cotton stretchable elastane with a mid-rise waist, it makes super comfortable wear for everyday use. Step out in style, teaming it with a soft cotton t-shirt.", India Waist Rise Mid Rise  Regular  Cotton Elastane  Regular  Single Stretch Stretch  Casual Wear  Checks  Unisex,https://www.shoppersstop.com/life-cotton-elastane-relaxed-fit-men-s-jeans/p-DNORIGIN/colorChange/DNORIGIN_DARK_INDIGO?currentPosition=24&searchQueryUrl=https%3A%2F%2Fwww.shoppersstop.com%2Fmen-clothing%2Fc-A1010%3Fpage%3D8&totalResultVal=24600&searchPageType=category
74,Embroidered Cotton Blend Men's Party Kurta Set,"Description. Manufacturing Details: Bgn Apparels,676 Phase Sector-37, Gurgaon,122002,9953353985", India  Regular Collar Mandarin Collar  Full  Stretch Non-Stretch  Cotton Blend  Embroidered  Regular Closure Type Drawstring,https://www.shoppersstop.com/hangup-embroidered-cotton-blend-men-s-party-kurta-set/p-A21HG178ADARKPU/colorChange/A21HG178ADARKPU_PURPLE?currentPosition=25&searchQueryUrl=https%3A%2F%2Fwww.shoppersstop.com%2Fmen-clothing%2Fc-A1010%3Fpage%3D8&totalResultVal=24600&searchPageType=category
75,Solid Cotton Regular Fit Men's T-Shirt,., India  Half   Regular Neckline Round Neck  Solid  Cotton  Casual Wear Collar Regular Collar   T-Shirts,https://www.shoppersstop.com/adidas-solid-cotton-regular-fit-men-s-t-shirt/p-AW22HS80601/colorChange/AW22HS80601_Blue?currentPosition=1&searchQueryUrl=https%3A%2F%2Fwww.shoppersstop.com%2Fmen-clothing%2Fc-A1010%3Fpage%3D9&totalResultVal=24600&searchPageType=category
76,Printed Cotton Blend Men's Trunks,., India  Knit  Essential  Trunk  Pack of 1  Cotton Blend  Printed,https://www.shoppersstop.com/jockey-printed-cotton-blend-men-s-trunks/p-201668501/colorChange/201668501_ASSORTED?currentPosition=2&searchQueryUrl=https%3A%2F%2Fwww.shoppersstop.com%2Fmen-clothing%2Fc-A1010%3Fpage%3D9&totalResultVal=24600&searchPageType=category
77,Solid Poly Silk Men's Festive Wear Kurta,., India  Regular Category Indianwear  Poly Silk  Festive Wear  Solid  Slim   Mens,https://www.shoppersstop.com/bandeya-solid-poly-silk-men-s-festive-wear-kurta/p-A21SULFKURLK-10/colorChange/A21SULFKURLK-10_MUSTARD?currentPosition=3&searchQueryUrl=https%3A%2F%2Fwww.shoppersstop.com%2Fmen-clothing%2Fc-A1010%3Fpage%3D9&totalResultVal=24600&searchPageType=category
78,Structured Cotton Blend Regular Fit Men's T-Shirt,., India  Half   Regular Neckline Round Neck  Structured  Cotton Blend  Pack of 1,https://www.shoppersstop.com/fratini-structured-cotton-blend-regular-fit-men-s-t-shirt/p-S21831CREWN4WH/colorChange/S21831CREWN4WH_WHITE?currentPosition=4&searchQueryUrl=https%3A%2F%2Fwww.shoppersstop.com%2Fmen-clothing%2Fc-A1010%3Fpage%3D9&totalResultVal=24600&searchPageType=category
79,Mid Wash Cotton Blend Relaxed Fit Men's Jeans,Life's jeans are the epitome of style. This slim-fit item of comfortable clothing looks excellent when worn with a printed t-shirt and shoes. It is made up of comfortable material to help your skin breathe., India Wash Mid Wash Waist Rise Mid Rise  Relaxed  Cotton Blend Closure Type Button  Regular  Casual Wear  Solid  Jeans  Woven,https://www.shoppersstop.com/life-mid-wash-cotton-blend-relaxed-fit-men-s-jeans/p-AW22HUNTER/colorChange/AW22HUNTER_TINT?currentPosition=5&searchQueryUrl=https%3A%2F%2Fwww.shoppersstop.com%2Fmen-clothing%2Fc-A1010%3Fpage%3D9&totalResultVal=24600&searchPageType=category
80,Solid Cotton Regular Fit Men's Track Pants,- Ultimate Comfort- Extreme Breathability- Utility Pockets- Piping on the Side Seam,Pockets Cross Pocket  India  Joggers Category Track Pants  Casual Wear  Cotton  Regular  Solid Waist Rise Mid Rise  Full   Pack of 1 Closure Type Elastic,https://www.shoppersstop.com/stop-solid-cotton-regular-fit-men-s-track-pants/p-FA0187PETRACKBL/colorChange/FA0187PETRACKBL_BLACK?currentPosition=6&searchQueryUrl=https%3A%2F%2Fwww.shoppersstop.com%2Fmen-clothing%2Fc-A1010%3Fpage%3D9&totalResultVal=24600&searchPageType=category
81,Solid Cotton Slim Fit Men's Casual Shirt,., Shirts  India  Cotton Collar Regular Collar  Full   Slim  Solid  Single  Casual Wear  Mens Neckline Round Neck,https://www.shoppersstop.com/louis-philippe-jeans-solid-cotton-slim-fit-men-s-casual-shirt/p-A22SFCSSPJ90128/colorChange/A22SFCSSPJ90128_BLACK?currentPosition=7&searchQueryUrl=https%3A%2F%2Fwww.shoppersstop.com%2Fmen-clothing%2Fc-A1010%3Fpage%3D9&totalResultVal=24600&searchPageType=category
82,Solid Cotton Regular Fit Men's T-Shirt,., India  Half   Regular Neckline Round Neck  Solid  Cotton  Casual Wear Collar Regular Collar   T-Shirts,https://www.shoppersstop.com/adidas-solid-cotton-regular-fit-men-s-t-shirt/p-AW22HS80611/colorChange/AW22HS80611_Silver?currentPosition=8&searchQueryUrl=https%3A%2F%2Fwww.shoppersstop.com%2Fmen-clothing%2Fc-A1010%3Fpage%3D9&totalResultVal=24600&searchPageType=category
83,Printed Cotton Slim Fit Men's T-Shirt,., India  Half   Slim Neckline Polo  Printed  Cotton  Single  Casual Wear Collar Regular Collar  Mens  T-Shirts,https://www.shoppersstop.com/louis-philippe-jeans-printed-cotton-slim-fit-men-s-t-shirt/p-A22KPCSLFT89365/colorChange/A22KPCSLFT89365_BLACK?currentPosition=9&searchQueryUrl=https%3A%2F%2Fwww.shoppersstop.com%2Fmen-clothing%2Fc-A1010%3Fpage%3D9&totalResultVal=24600&searchPageType=category
84,Solid Cotton Regular Fit Men's Shirt,., Woven  Shirts  India  Cotton Collar Semi Cut Away Collar Pockets Chest Pocket  Full   Regular  Solid  1  Casual Wear Neckline Collar Neck,https://www.shoppersstop.com/intune-solid-cotton-regular-fit-men-s-shirt/p-S23M-CASHIK131/colorChange/S23M-CASHIK131_WHITE?currentPosition=10&searchQueryUrl=https%3A%2F%2Fwww.shoppersstop.com%2Fmen-clothing%2Fc-A1010%3Fpage%3D9&totalResultVal=24600&searchPageType=category
85,Stripes Cotton Blend Regular Fit Men's T-Shirt,"Want to stand out wearing something that is basic yet trendy? Try this polo neck half sleeves t-shirt in a regular fit, printed with an attractive pattern of stripes. Feel comfortable wearing this soft cotton blend shirt during summers. Step out, teaming it with a pair of denim and sneakers.", India  Half   Regular  Stripes  Cotton Blend Collar Regular Collar  Mens,https://www.shoppersstop.com/stop-stripes-cotton-blend-regular-fit-men-s-t-shirt/p-S22STSTRPL118/colorChange/S22STSTRPL118_YELLOW?currentPosition=11&searchQueryUrl=https%3A%2F%2Fwww.shoppersstop.com%2Fmen-clothing%2Fc-A1010%3Fpage%3D9&totalResultVal=24600&searchPageType=category
86,Structured Cotton Regular Fit Men's T-Shirt,., India  Half   Regular Neckline Henley  Structured  Cotton  Pack of 1  Casual Wear ,https://www.shoppersstop.com/fratini-structured-cotton-regular-fit-men-s-t-shirt/p-S21831SUPHN24IB/colorChange/S21831SUPHN24IB_INK_BLUE?currentPosition=12&searchQueryUrl=https%3A%2F%2Fwww.shoppersstop.com%2Fmen-clothing%2Fc-A1010%3Fpage%3D9&totalResultVal=24600&searchPageType=category
87,Checks Cotton Regular Fit Men's Casual Shirt,., Shirts  India  Cotton Collar Regular Collar  Full   Regular  Checks  Single  Casual Wear Neckline Round Neck,https://www.shoppersstop.com/pepe-checks-cotton-regular-fit-men-s-casual-shirt/p-A22BRAVOSRLSIPO/colorChange/A22BRAVOSRLSIPO_ORANGE?currentPosition=13&searchQueryUrl=https%3A%2F%2Fwww.shoppersstop.com%2Fmen-clothing%2Fc-A1010%3Fpage%3D9&totalResultVal=24600&searchPageType=category
88,Structured Cotton Blend Regular Fit Men's Shirt,., India  Cotton Blend Collar Regular Collar  Half   Regular   Pack of 1,https://www.shoppersstop.com/fratini-structured-cotton-blend-regular-fit-men-s-shirt/p-S21831KNITS27BK/colorChange/S21831KNITS27BK_GREY?currentPosition=14&searchQueryUrl=https%3A%2F%2Fwww.shoppersstop.com%2Fmen-clothing%2Fc-A1010%3Fpage%3D9&totalResultVal=24600&searchPageType=category
89,Abstract Cotton Blend Regular Fit Men's T-Shirt,Men's brand carrier placement printed tee with contrast neck tape detail and soft washed, India  Half   Regular Neckline Crew  Abstract  Cotton Blend  Casual Wear Collar Slim Collar   T-Shirts  Woven,https://www.shoppersstop.com/pepe-abstract-cotton-blend-regular-fit-men-s-t-shirt/p-S23FLYERSSIPBLA/colorChange/S23FLYERSSIPBLA_BLACK?currentPosition=15&searchQueryUrl=https%3A%2F%2Fwww.shoppersstop.com%2Fmen-clothing%2Fc-A1010%3Fpage%3D9&totalResultVal=24600&searchPageType=category
90,Solid Cotton Men's Shorts,Blend comfort with trendiness with these stylish cotton shorts by Stop. The elasticated waistband gives you ultimate comfort and convenience. Look and feel your best at home or at the beach., Shorts  India  Knee length  Single  Cotton  Solid  Regular  Casual Wear Collar Regular,https://www.shoppersstop.com/stop-solid-cotton-men-s-shorts/p-A22STSHORTS103/colorChange/A22STSHORTS103_DARK-OLVE?currentPosition=16&searchQueryUrl=https%3A%2F%2Fwww.shoppersstop.com%2Fmen-clothing%2Fc-A1010%3Fpage%3D9&totalResultVal=24600&searchPageType=category
91,Checks Cotton Slim Fit Men's Shirt,"Reimagine casual wear but in style with the Fratini checks cotton full-sleeved slim-fit men's shirt. The cotton fabric fits comfortably on your skin, making it ideal for everyday wear. Just style it with a relaxed pair of denim, and you'll be ready.", Woven  Shirts  India  Cotton Collar Regular Collar  Full   Slim  Checks  Single  Casual Wear,https://www.shoppersstop.com/fratini-checks-cotton-slim-fit-men-s-shirt/p-A22SHCK103AGBR/colorChange/A22SHCK103AGBR_BROWN?currentPosition=17&searchQueryUrl=https%3A%2F%2Fwww.shoppersstop.com%2Fmen-clothing%2Fc-A1010%3Fpage%3D9&totalResultVal=24600&searchPageType=category
92,Printed Cotton Regular Fit Men's Shirts,"Be it a casual outing with friends or a weekend at the beach, stay in style with this Infuse collar-neckline printed cotton regular-fit men's shirt. You can pair it with white shorts or cargo pants to create a relaxed fit.", Woven  Shirts  India  Cotton  Full   Regular  Printed  Single  Casual Wear  Regular Neckline Collared,https://www.shoppersstop.com/infuse-printed-cotton-regular-fit-men-s-shirts/p-A22INMST2223/colorChange/A22INMST2223_GREY?currentPosition=18&searchQueryUrl=https%3A%2F%2Fwww.shoppersstop.com%2Fmen-clothing%2Fc-A1010%3Fpage%3D9&totalResultVal=24600&searchPageType=category
93,Stripes Cotton Stretch Slim Fit Men's Trousers,., India  Cotton Stretch  Checks  Slim  Full   Pack of 1  Casual Wear Collar Regular Age Kids,https://www.shoppersstop.com/fratini-stripes-cotton-stretch-slim-fit-men-s-trousers/p-SS21MFCHST07BL/colorChange/SS21MFCHST07BL_BLUE?currentPosition=19&searchQueryUrl=https%3A%2F%2Fwww.shoppersstop.com%2Fmen-clothing%2Fc-A1010%3Fpage%3D9&totalResultVal=24600&searchPageType=category
94,Men's INHANCE Regular Fit Printed Lounge Set,"A smart choice for lounging comfortably, the Men's Inhance Regular  Printed Lounge Set is a must-have. Ideal for resting, this lounge wear men’s set is made from cotton with a regular. Team it with easy-to wear flip-flops for a great look.", Half   India Category Lounge Set  Short  Cotton  Printed  Regular  Lounge wear Neckline Round Neck,https://www.shoppersstop.com/stop-men-s-inhance-regular-fit-printed-lounge-set/p-S21187LNGST110/colorChange/S21187LNGST110_LEMON?currentPosition=20&searchQueryUrl=https%3A%2F%2Fwww.shoppersstop.com%2Fmen-clothing%2Fc-A1010%3Fpage%3D9&totalResultVal=24600&searchPageType=category
95,Printed Rayon Mens Festive Wear Kurta,"Maroon, printed, rayon kurta by Bandeya. This kurta is full-sleeved, has a round neck, button-down detail at the front and a print all over the fabric. The kurta is sure to get you some compliments!", Kurtas Neckline Round Neck  Woven  India  Single  Knee   Full   Rayon  Festive Wear  Printed  Slim,https://www.shoppersstop.com/bandeya-printed-rayon-mens-festive-wear-kurta/p-S23LKSCHIFMR63/colorChange/S23LKSCHIFMR63_MAROON?currentPosition=21&searchQueryUrl=https%3A%2F%2Fwww.shoppersstop.com%2Fmen-clothing%2Fc-A1010%3Fpage%3D9&totalResultVal=24600&searchPageType=category
96,Printed Cotton Jersey Regular Fit Men's T-Shirt,., India Collection Casual Wear Stretch Non-Stretch  Half   Regular Neckline Crew  Printed  100%Cotton Jersey  Pack of 1  Casual Wear Age Kids,https://www.shoppersstop.com/infuse-printed-cotton-jersey-regular-fit-men-s-t-shirt/p-AW21IPT027/colorChange/AW21IPT027_NAVY?currentPosition=22&searchQueryUrl=https%3A%2F%2Fwww.shoppersstop.com%2Fmen-clothing%2Fc-A1010%3Fpage%3D9&totalResultVal=24600&searchPageType=category
97,Jacquard Cotton Regular Fit Men's Formal Wear Shirt,., Shirts Neckline Round Neck  India  Cotton Collar Regular Collar  Full   Regular  Jacquard  Single  Work Wear ,https://www.shoppersstop.com/van-heusen-jacquard-cotton-regular-fit-men-s-formal-wear-shirt/p-A22SFWCUF676176/colorChange/A22SFWCUF676176_BLUE?currentPosition=23&searchQueryUrl=https%3A%2F%2Fwww.shoppersstop.com%2Fmen-clothing%2Fc-A1010%3Fpage%3D9&totalResultVal=24600&searchPageType=category
98,Mid Wash Cotton Blend Karrot Fit Men's Jeans,"Life's jeans are perfect for a casual outing with your tribe. These mid-washed jeans with a fashionable fit are ideal. For an edgy look, combine this with a t-shirt and your favorite sneakers.", India Wash Mid Wash Waist Rise Mid Rise  Karrot  Cotton Blend Closure Type Button  Regular  Casual Wear  Solid  Jeans  Woven,https://www.shoppersstop.com/life-mid-wash-cotton-blend-karrot-fit-men-s-jeans/p-AW22RUSH/colorChange/AW22RUSH_TINT?currentPosition=24&searchQueryUrl=https%3A%2F%2Fwww.shoppersstop.com%2Fmen-clothing%2Fc-A1010%3Fpage%3D9&totalResultVal=24600&searchPageType=category
99,Mid Wash Cotton Blend Slim Fit Men's Jeans,All you need is the Life mid wash cotton blend slim-fit men’s jeans to add a touch of color to your boring wardrobe. These jeans are incredibly comfortable for regular wear and go well with t-shirts., India Wash Mid Wash Waist Rise Mid Rise  Slim  Cotton Blend Closure Type Button  Regular  Casual Wear  Solid  Jeans,https://www.shoppersstop.com/life-mid-wash-cotton-blend-slim-fit-men-s-jeans/p-AW22BRICK/colorChange/AW22BRICK_BRICK?currentPosition=25&searchQueryUrl=https%3A%2F%2Fwww.shoppersstop.com%2Fmen-clothing%2Fc-A1010%3Fpage%3D9&totalResultVal=24600&searchPageType=category
100,Abstract Cotton Blend Regular Fit Men's T-Shirt,Men's brand carrier placement printed tee with contrast neck tape detail and soft washed, India  Half   Regular Neckline Crew  Abstract  Cotton Blend  Casual Wear Collar Slim Collar   T-Shirts  Woven,https://www.shoppersstop.com/pepe-abstract-cotton-blend-regular-fit-men-s-t-shirt/p-S23FLYERSSIPGRE/colorChange/S23FLYERSSIPGRE_GREEN?currentPosition=1&searchQueryUrl=https%3A%2F%2Fwww.shoppersstop.com%2Fmen-clothing%2Fc-A1010%3Fpage%3D10&totalResultVal=24600&searchPageType=category
101,Printed Cotton Slim Fit Men's Casual Shirt,., Shirts  India  Cotton Collar Regular Collar  Full   Slim  Printed  Single  Casual Wear  Mens Neckline Round Neck,https://www.shoppersstop.com/louis-philippe-sports-printed-cotton-slim-fit-men-s-casual-shirt/p-A22SFCSSP135295/colorChange/A22SFCSSP135295_RED?currentPosition=2&searchQueryUrl=https%3A%2F%2Fwww.shoppersstop.com%2Fmen-clothing%2Fc-A1010%3Fpage%3D10&totalResultVal=24600&searchPageType=category
102,Stripes Cotton Blend Regular Fit Men's T-Shirt,., India  Full   Regular Neckline Round Neck  Stripes  Cotton Blend  Pack of 1  Casual Wear Collar Regular Collar,https://www.shoppersstop.com/stop-stripes-cotton-blend-regular-fit-men-s-t-shirt/p-A21STSTRCR404M/colorChange/A21STSTRCR404M_DARK_MINT?currentPosition=3&searchQueryUrl=https%3A%2F%2Fwww.shoppersstop.com%2Fmen-clothing%2Fc-A1010%3Fpage%3D10&totalResultVal=24600&searchPageType=category
103,Striped Cotton Blend Regular Fit Men's T-Shirt,"Smart and stylish, the Striped Cotton Blend Regular  Men's T-Shirt is sure to become your preferred choice for a breezy casual look. Designed for a relaxed look, this striped pattern t-shirt for men features a polo neck and short sleeves. This men’s t-shirt is made from soft to touch cotton blend material and comes with a regular fit. Style your look with contrast chinos, slip-on sneakers and rimless sunglasses.", India  Regular Neckline Polo  Stripes  Cotton Blend  Pack of 1  Casual Wear Collar NA ,https://www.shoppersstop.com/life-striped-cotton-blend-regular-fit-men-s-t-shirt/p-S21509IPOLSTW/colorChange/S21509IPOLSTW_WINE?currentPosition=4&searchQueryUrl=https%3A%2F%2Fwww.shoppersstop.com%2Fmen-clothing%2Fc-A1010%3Fpage%3D10&totalResultVal=24600&searchPageType=category
104,Printed Cotton Polyester Regular Fit Men's Shorts,., India  Pack of 1  60% COTTON 40% POLYESTER  Printed  Regular Stretch Non-Stretch  Casual Wear Collection Casual Wear,https://www.shoppersstop.com/infuse-printed-cotton-polyester-regular-fit-men-s-shorts/p-AW21INF004/colorChange/AW21INF004_GREY_MELANGE?currentPosition=5&searchQueryUrl=https%3A%2F%2Fwww.shoppersstop.com%2Fmen-clothing%2Fc-A1010%3Fpage%3D10&totalResultVal=24600&searchPageType=category
105,Cotton Elastane Slim Fit Men's Jeans,Step out with style in this exclusive pair of slim-fit jeans in an unusual and special maroon tone with a mid-rise waist. The soft cotton elastane makes it super comfortable to wear all day long. Match it with a soft cotton t-shirt or a shirt and a pair of sneakers., India Wash Machine Wash Waist Rise Mid Rise  Regular  Cotton Elastane Closure Type Button  Regular  Single Stretch Stretch  Printed  Mens  Jeans,https://www.shoppersstop.com/life-cotton-elastane-slim-fit-men-s-jeans/p-TRAVELLER-5/colorChange/TRAVELLER-5_MAROON?currentPosition=6&searchQueryUrl=https%3A%2F%2Fwww.shoppersstop.com%2Fmen-clothing%2Fc-A1010%3Fpage%3D10&totalResultVal=24600&searchPageType=category
106,Stripes Cotton Blend Regular Fit Men's T-Shirt,"This polo neck t-shirt from Stop is ideal for casual outings. The striped pattern lends it a casual look and is perfect for your next getaway to the seaside or a barbecue. Made in the cotton blend, the t-shirt is machine washable.", India  Half   Regular  Stripes  Cotton Blend  Mini Collar Cut Away Collar  Mens,https://www.shoppersstop.com/stop-stripes-cotton-blend-regular-fit-men-s-t-shirt/p-S22STSTRPL108/colorChange/S22STSTRPL108_JADE_GREEN?currentPosition=7&searchQueryUrl=https%3A%2F%2Fwww.shoppersstop.com%2Fmen-clothing%2Fc-A1010%3Fpage%3D10&totalResultVal=24600&searchPageType=category
107,Men's Cotton Blend Floral Pockets Stretch Chino Pants,"ATP's double button closure chino pant is the fit in an outfit. Made with premium cotton stretch fabric and sewn with precision, It is anything you make of it. Formals or casuals, it fits the mould.", Woven  India  Cotton Blend  Solid Waist Rise Mid Rise  Slim Closure Type Button  Regular  Single  Casual Wear  Trousers,https://www.shoppersstop.com/across-the-pond-men-s-cotton-blend-floral-pockets-stretch-chino-pants/p-S23NEWATP5014CC/colorChange/S23NEWATP5014CC_CHARCOAL?currentPosition=8&searchQueryUrl=https%3A%2F%2Fwww.shoppersstop.com%2Fmen-clothing%2Fc-A1010%3Fpage%3D10&totalResultVal=24600&searchPageType=category
108,Printed Crepe Regular Fit Men's Casual Shirt,., Shirts  India  Crepe Collar Spread Collar  Half   Regular  Printed  Single  Casual Wear  Neckline Collared,https://www.shoppersstop.com/tistabene-printed-crepe-regular-fit-men-s-casual-shirt/p-A22MSH1912/colorChange/A22MSH1912_GREEN?currentPosition=9&searchQueryUrl=https%3A%2F%2Fwww.shoppersstop.com%2Fmen-clothing%2Fc-A1010%3Fpage%3D10&totalResultVal=24600&searchPageType=category
109,Stripes Cotton Blend Regular Fit Mens T-Shirt,"Wine, cotton-blend, regular fit t-shirt by Stop. This t-shirt has a stiff collar, horixontal stripes, and button-down detailing at the neckline. It is the perfect smart casual piece in your wardrobe.", India  Half   Regular Neckline Polo  Stripes  Cotton Blend  Single  Casual Wear  T-Shirts  Knit,https://www.shoppersstop.com/stop-stripes-cotton-blend-regular-fit-mens-t-shirt/p-A22STSTR201CTWI/colorChange/A22STSTR201CTWI_WINE?currentPosition=10&searchQueryUrl=https%3A%2F%2Fwww.shoppersstop.com%2Fmen-clothing%2Fc-A1010%3Fpage%3D10&totalResultVal=24600&searchPageType=category
110,Stripes Cotton Slim Fit Men's Shirt,"The exclusive full-sleeved and regular-collar shirt with the striped pattern from Fratini is simple yet elegant casual wear. It is made of the finest quality cotton, and can be coordinated or dressed up to suit your taste.", Woven  Shirts  India  Cotton Collar Regular Collar  Full   Slim  Stripes  Single  Casual Wear  Knee length Neckline Collared,https://www.shoppersstop.com/fratini-stripes-cotton-slim-fit-men-s-shirt/p-A22SHOXSTPSTR/colorChange/A22SHOXSTPSTR_NAVY?currentPosition=11&searchQueryUrl=https%3A%2F%2Fwww.shoppersstop.com%2Fmen-clothing%2Fc-A1010%3Fpage%3D10&totalResultVal=24600&searchPageType=category
111,Solid Cotton Regular Fit Men's T-Shirt,., India  Half   Regular Neckline Crew  Solid  Cotton  Single  Casual Wear  T-Shirts,https://www.shoppersstop.com/infuse-solid-cotton-regular-fit-men-s-t-shirt/p-SS22INFC26/colorChange/SS22INFC26_BLACK?currentPosition=12&searchQueryUrl=https%3A%2F%2Fwww.shoppersstop.com%2Fmen-clothing%2Fc-A1010%3Fpage%3D10&totalResultVal=24600&searchPageType=category
112,Printed Poly Silk Slim Fit Men's Festive Wear Waistcoat,., India  Sleeveless Category Indianwear  Poly Silk  Festive Wear  Printed  Slim,https://www.shoppersstop.com/bandeya-printed-poly-silk-slim-fit-men-s-festive-wear-waistcoat/p-A21SULSWCTJK-18/colorChange/A21SULSWCTJK-18_NAVY?currentPosition=13&searchQueryUrl=https%3A%2F%2Fwww.shoppersstop.com%2Fmen-clothing%2Fc-A1010%3Fpage%3D10&totalResultVal=24600&searchPageType=category
113,Stripes Cotton Slim Fit Men's Shirt,This striped cotton shirt by Life can be ideal for any formal or casual occasion. You can be assured that this full-sleeve slim-fit shirt will increase the overall style statement., Woven  Shirts  India  Cotton Collar Regular Collar  Full   Slim  Stripes  Single  Casual Wear Neckline Collared,https://www.shoppersstop.com/life-stripes-cotton-slim-fit-men-s-shirt/p-A22INDSTPFS216/colorChange/A22INDSTPFS216_NAVY?currentPosition=14&searchQueryUrl=https%3A%2F%2Fwww.shoppersstop.com%2Fmen-clothing%2Fc-A1010%3Fpage%3D10&totalResultVal=24600&searchPageType=category
114,Printed Polyester Regular Fit Men's Shorts,"Durable and stylish, these printed polyester men's shorts from Infuse are perfect for a day out or a weekend hangout. Made of 100% polyester, these shorts are printed with a trendy and stylish pattern and are ideal for relaxed and comfortable casual wear.", India  Shorts  Woven  Regular  Single  100% polyester  Printed Closure Type Elastic and Drawstring  Regular Waist Rise Mid Rise Wash Light Wash  Casual Wear,https://www.shoppersstop.com/infuse-printed-polyester-regular-fit-men-s-shorts/p-SS22INFSS02/colorChange/SS22INFSS02_JADE?currentPosition=15&searchQueryUrl=https%3A%2F%2Fwww.shoppersstop.com%2Fmen-clothing%2Fc-A1010%3Fpage%3D10&totalResultVal=24600&searchPageType=category
115,Men's INHANCE Regular Fit Printed Lounge Set,"Get the Men's Inhance Regular  Printed Lounge Set to stay snug throughout the day over the weekend. Ideal for resting, this lounge wear men’s set is made from cotton with a regular. Team it with easy-to wear flip-flops for a great look.", Half   India Category Lounge Set  Full   Cotton  Printed  Regular  Lounge wear Neckline Round Neck,https://www.shoppersstop.com/stop-men-s-inhance-regular-fit-printed-lounge-set/p-S21187LNGST109/colorChange/S21187LNGST109_NEO_MINT?currentPosition=16&searchQueryUrl=https%3A%2F%2Fwww.shoppersstop.com%2Fmen-clothing%2Fc-A1010%3Fpage%3D10&totalResultVal=24600&searchPageType=category
116,Printed Cotton Men's Festive Wear Kurta,"A true delight to wear during any festive occasion, this round-neck kurta with full sleeves from Bandeya is a must-have for your wardrobe. Crafted from cotton, its gorgeous printed pattern attracts instant attention to complete your ethnic look.", Kurta Neckline Round Neck  Woven  India  Single  Knee length Collar Regular Collar  Full   Cotton  Festive Wear  Printed  Slim Wash Machine Wash,https://www.shoppersstop.com/bandeya-printed-cotton-men-s-festive-wear-kurta/p-A22LKDIGIMUS203/colorChange/A22LKDIGIMUS203_MUSTARD?currentPosition=17&searchQueryUrl=https%3A%2F%2Fwww.shoppersstop.com%2Fmen-clothing%2Fc-A1010%3Fpage%3D10&totalResultVal=24600&searchPageType=category
117,Printed Cotton Relaxed Fit Men's T-Shirts,"Black, printed, regular fit t-shirt by Life. This t-shirt is cotton fabric, has a cool print with text printed on the fabric, and can easily be styled for different events- smart casuals, casual wear, loungewear, athleisure, you name it.", India  Half   Relaxed  Printed  Cotton  Single  Casual Wear  T-Shirts  Knit,https://www.shoppersstop.com/life-printed-cotton-relaxed-fit-men-s-t-shirts/p-S23LFCHRGRT02BL/colorChange/S23LFCHRGRT02BL_BLACK?currentPosition=18&searchQueryUrl=https%3A%2F%2Fwww.shoppersstop.com%2Fmen-clothing%2Fc-A1010%3Fpage%3D10&totalResultVal=24600&searchPageType=category
118,Printed Poly Silk Men's Festive Wear Kurta Pyjama Set,., India  Full  Category Indianwear  Poly Silk  Festive Wear  Printed  Slim,https://www.shoppersstop.com/bandeya-printed-poly-silk-men-s-festive-wear-kurta-pyjama-set/p-A21SULGKPSET-01/colorChange/A21SULGKPSET-01_CREAM?currentPosition=19&searchQueryUrl=https%3A%2F%2Fwww.shoppersstop.com%2Fmen-clothing%2Fc-A1010%3Fpage%3D10&totalResultVal=24600&searchPageType=category
119,Solid Cotton Regular Fit Men's T-Shirt,., India  Half   Regular Neckline Crew  Solid  Cotton  1  Casual Wear  T-Shirts  Knit,https://www.shoppersstop.com/intune-solid-cotton-regular-fit-men-s-t-shirt/p-S23M-CATSHK009/colorChange/S23M-CATSHK009_OLIVE?currentPosition=20&searchQueryUrl=https%3A%2F%2Fwww.shoppersstop.com%2Fmen-clothing%2Fc-A1010%3Fpage%3D10&totalResultVal=24600&searchPageType=category
120,Stripes Cotton Blend Regular Fit Men's T-Shirt,"Wearing a t-shirt and looking stylish doesn't have to be a challenge. T-shirts in classic and current styles will all look great on you. Thus, wear a Stop's Stripes Cotton Blend Regular  Men's T-Shirt and appear great! Wearing this yellow t-shirt is sure to make you stand out!", India  Half   Regular  Stripes  Cotton Blend Collar Regular Collar  Mens Design Solid,https://www.shoppersstop.com/stop-stripes-cotton-blend-regular-fit-men-s-t-shirt/p-S22STSTRPL115/colorChange/S22STSTRPL115_TURQUOISE?currentPosition=21&searchQueryUrl=https%3A%2F%2Fwww.shoppersstop.com%2Fmen-clothing%2Fc-A1010%3Fpage%3D10&totalResultVal=24600&searchPageType=category
121,Graphic Cotton Regular Fit Men's T-Shirt,"Step out in style in this trendy, regular-fit, half-sleeved, round-neck men's cotton t-shirt from Infuse with a cool graphic print. Look your best by teaming it with a pair of denim pants and sneakers.", India  Half   Regular  Graphic  Cotton  Single  Regular  Casual Wear  T-Shirts  Knit,https://www.shoppersstop.com/infuse-graphic-cotton-regular-fit-men-s-t-shirt/p-A22INMKT1642/colorChange/A22INMKT1642_VIOLET?currentPosition=22&searchQueryUrl=https%3A%2F%2Fwww.shoppersstop.com%2Fmen-clothing%2Fc-A1010%3Fpage%3D10&totalResultVal=24600&searchPageType=category
122,Men's Solid Polo T-Shirt,"U.S. Polo brings you this T-Shirt, which will be a smart addition to your clothing collection. It has been made of a fine quality fabric to keep you comfortable all day long. Besides, it comes with a solid pattern, which along with the polo collar marks its design quite distinctive.", India Category Polo T-Shirt  Short   Regular Neckline Polo  Solid  Cotton  Single Piece  Casual Wear,https://www.shoppersstop.com/u-s-polo-assn-denim-men-s-solid-polo-t-shirt/p-205169231/colorChange/205169231_ORANGE?currentPosition=23&searchQueryUrl=https%3A%2F%2Fwww.shoppersstop.com%2Fmen-clothing%2Fc-A1010%3Fpage%3D10&totalResultVal=24600&searchPageType=category
123,Printed Slub Jersey Regular Fit Men's T-Shirt,., India Collection Casual Wear Stretch Non-Stretch  Half   Regular Neckline Crew  Printed  Slub Jersey  Pack of 1  Casual Wear,https://www.shoppersstop.com/infuse-printed-slub-jersey-regular-fit-men-s-t-shirt/p-AW21IPT021/colorChange/AW21IPT021_CORAL?currentPosition=24&searchQueryUrl=https%3A%2F%2Fwww.shoppersstop.com%2Fmen-clothing%2Fc-A1010%3Fpage%3D10&totalResultVal=24600&searchPageType=category
124,Printed Cotton Skinny Fit Men's T-Shirt,., India  Half   Skinny Neckline Round Neck  Printed  Cotton  Single  Casual Wear Collar Regular Collar  T-Shirts,https://www.shoppersstop.com/pepe-printed-cotton-skinny-fit-men-s-t-shirt/p-A22FLYERSSIPRED/colorChange/A22FLYERSSIPRED_RED?currentPosition=25&searchQueryUrl=https%3A%2F%2Fwww.shoppersstop.com%2Fmen-clothing%2Fc-A1010%3Fpage%3D10&totalResultVal=24600&searchPageType=category
